{
    "Linear Regression": {
        "RMSE": 153449.71619124067,
        "R2": 0.5126481923594
    },
    "Random Forest": {
        "RMSE": 89889.64691534273,
        "R2": 0.832764007766835
    },
    "XGBoost": {
        "RMSE": 87992.7025975978,
        "R2": 0.8397479050327278
    }
}